OrderID,ProductID,Quantity,OrderDate
1,1,2,01-15-2023
2,2,1,01-16-2023
3,3,5,01-17-2023
4,4,2,01-18-2023
5,5,1,01-19-2023
6,6,3,01-20-2023
7,7,1,01-21-2023
8,8,4,01-22-2023
9,9,2,01-23-2023
10,10,5,01-24-2023
11,1,1,01-25-2023
12,2,2,01-26-2023
13,3,3,01-27-2023
14,4,1,01-28-2023
15,5,4,01-29-2023
16,6,1,01-30-2023
17,7,2,01-31-2023
18,8,1,02-01-2023
19,9,2,02-02-2023
20,10,3,02-03-2023
21,1,3,02-04-2023
22,2,1,02-05-2023
23,3,2,02-06-2023
24,4,3,02-07-2023
25,5,2,02-08-2023
26,6,4,02-09-2023
27,7,2,02-10-2023
28,8,5,02-11-2023
29,9,1,02-12-2023
30,10,4,02-13-2023
31,1,5,02-14-2023
32,2,3,02-15-2023
33,3,4,02-16-2023
34,4,5,02-17-2023
35,5,2,02-18-2023
36,6,1,02-19-2023
37,7,3,02-20-2023
38,8,2,02-21-2023
39,9,1,02-22-2023
40,10,5,02-23-2023
41,1,2,02-24-2023
42,2,3,02-25-2023
43,3,1,02-26-2023
44,4,4,02-27-2023
45,5,5,02-28-2023
46,6,2,03-01-2023
47,7,1,03-02-2023
48,8,3,03-03-2023
49,9,1,03-04-2023
50,10,2,03-05-2023
